Hash,Hash_Type,Confidence,Source_Count
78094970398d29479c0684140b2fd3ca,MD5,unknown,1
1aa48ea1783242593a7e8e935e6ebca675ba2315,SHA1,unknown,1
e423bb8f1a55adcc163d04428e1efb41,MD5,unknown,1
0ad4334c3c26f575461b68c39279056993859954,SHA1,unknown,1
83ecb423156e7f96313908055f8abad5,MD5,unknown,1
9032d5e2f0520129f61cd3d7e51d1d04,MD5,unknown,1
689dab00e42b78d9a32fac160e1982f10f54b195,SHA1,unknown,1
ff742f3f061b8ea73334282b1877661c9861407e,SHA1,unknown,1
0971a97875e7d695bd38114ee05d51fe44a384f2,SHA1,unknown,1
6fba8bbe966b9d5fd527b61f6bb44dba,MD5,unknown,1
57366f38556d343d6a3821746b30596e,MD5,unknown,1
706c5c245d333f44293768693b575950,MD5,unknown,1
b5d9b14a0fcd61c1d5d2268cc47de4186ec5205b,SHA1,unknown,1
07015aa3b026fd5bca8bb7d2e3b45bf136bdbadd,SHA1,unknown,1
9cdf19407fecc69906ce8bca683ae706,MD5,unknown,1
414afc8a8da43b3cb32e1583fe1742a38931ba35,SHA1,unknown,1
03be23295341b56963f0ccd3c662aed421605d23,SHA1,unknown,1
7688241113c8d2bd605f8fc48217d16e8d644fd6,SHA1,unknown,1
846960facfc2690752224fc0b9f70ef7c7b4389a,SHA1,unknown,1
7c7a228ba48d37c4ad71cb94383e6ec4,MD5,unknown,1
928b7e3c5ab42ff60d2d6bd750466ae6,MD5,unknown,1
b007c801529b47ef9aeab8b36a751a40,MD5,unknown,1
6fa348b384684a7178cab556703c710f,MD5,unknown,1
44bbb511cad04e3af677ef2fc620a930,MD5,unknown,1
708c37a4d5b0fed5b0e97fff23ae86763208cbbb,SHA1,unknown,1
2326a0459be45366d46939ecef43f00d444c7184,SHA1,unknown,1
8aebef791f2616da8209c8d5ddb5a2eb,MD5,unknown,1
3a85bb3136cdfb75785d743da1a6cb8ab8d77ebf,SHA1,unknown,1
506a1fcf883162b8adbd9909e10887e3,MD5,unknown,1
0fb4ca9c1e5487b2d99fec8d39abfcd7a960a792,SHA1,unknown,1
0f5a5f9d5f5125504ddbc5fdbe153e56e70970f2,SHA1,unknown,1
e00d1ab2794663d38bbe95d531a10d45,MD5,unknown,1
4b5906507d6ec2659bd8e727b128d769,MD5,unknown,1
c23177e530b69cf3a5868fc21a4a0734,MD5,unknown,1
6e3e06d50af89d681cdb211408724295,MD5,unknown,1
e9b442ca77b7f99237d814f13312fe9091cedb0a,SHA1,unknown,1
1b3bc303268958f8cb26aea4dca0337c8c3ab27a,SHA1,unknown,1
c5553dbf0830be1244b26c40839d3d2026d27451,SHA1,unknown,1
19a5cf180cde304ad6a9fb9ebc1ea9d5adb71cd4,SHA1,unknown,1
ae0026e0002870df02ef4b94dd57ca1c,MD5,unknown,1
185d391f2af196b5a8d4a85b9c99f27000e8371a,SHA1,unknown,1
fe9eedcb75658f813315f3df5a4d09cd0ec2527c,SHA1,unknown,1
ce828382a12bbe6caf313f644cdfc0e9b3372b82,SHA1,unknown,1
5b39e3dcf6dd470e8ee01a21386d6a36,MD5,unknown,1
d0829b9464dc8e6e6e66815fe5d3e038,MD5,unknown,1
527d694b3d757a335f39254667234f5b,MD5,unknown,1
80b659241ef7d7536a2bd754a9955fc1,MD5,unknown,1
6b44eee93268c4e45152d8f7ba807ea7b7fc618b,SHA1,unknown,1
90f6b0c9e759d1fc23d359d557f90aeb,MD5,unknown,1
84b6382caa5f35a0d188bcf4828aa13b2a497b2f,SHA1,unknown,1
bb82520821c344e33673a148acf388be540dfde3,SHA1,unknown,1
56ab4fef96537a99d36355117f7406c5b4423ba8,SHA1,unknown,1
31f33774b39913642a7bb3002b2ecdaeafff6a88,SHA1,unknown,1
686cebdc395c33bc11574638b7699578acb673b5,SHA1,unknown,1
11417c1a4e70cd7bde7b937611498c126b67af05,SHA1,unknown,1
6a4a7f17a6083f7900c47595a51c0ffabe3db00e058f240367ab4cd9ee6ec00a,SHA256,unknown,1
dcd97eeba9c09843bce4ecfbeca1db279d458044,SHA1,unknown,1
14462bc6de9ad0510de7c8e4f7093714,MD5,unknown,1
00add030d269d1b87c3d690746128fcfd555cab1,SHA1,unknown,1
4fb1c389b2599e508c1a6904b7e3d18d,MD5,unknown,1
e1fe69bcdedfcba0c97bb4fc2ed28195b25c7f70,SHA1,unknown,1
4d6bf3834e9afb8e3c3861bf2ad64a68d9c7d870,SHA1,unknown,4
43259bdd620c550b470a6854435429f7ae6a3fca,SHA1,unknown,1
88c64e61ff9945fcffad604a0c413c23,MD5,unknown,1
06cc078a9b932037445d44c5b580920b,MD5,unknown,1
8ffac3b6999180c8440831ff03ffb3ae,MD5,unknown,1
e9da1817c5062ce6d2ff317b6852a0a9,MD5,unknown,1
744c2d358a4cc84a9b7e85d5c3458e89d11035ed,SHA1,unknown,1
b9d95f8b345ac183219df6c13b22db7d,MD5,unknown,1
9dc6de57cdbf68ab271f5e60f6170915,MD5,unknown,1
4c09fb6b24733c64dd1b1a79c24135c4,MD5,unknown,1
24088c28f4bfe0bca4abd8e7163745e69b56f0d8,SHA1,unknown,1
eb84ddc5b23ef8f2ce3a203ff3ca4f9665e2944a,SHA1,unknown,1
6584db227c59c101cda47839ade43b4fda113b37,SHA1,unknown,1
ef2cf352ce70799899ea4d6ade210a60,MD5,unknown,1
c09f60de022c7de829627a80d7c3e85b,MD5,unknown,1
75bd3b63bc6b736afa42e1f015188828,MD5,unknown,1
295dbed2a1cfe557c507a0d85994f9ac184e9a76,SHA1,unknown,1
866d36d9806623073ae8a8ddae8d0fe8,MD5,unknown,1
612cfeba20eb5dd798c32d3fb4c258aa,MD5,unknown,1
5eb84d98bada489b8121f3ff5af648507e7466d0,SHA1,unknown,1
9d624d707b6e59523077453f4f367d0c8a99e4fe12f536c0c29d7d28ef86d416,SHA256,unknown,1
0b7228a5631af08efcb38c8738ce3f0c34368ce6,SHA1,unknown,1
b1097b7052a0d697183a2dd1fa7b94cb,MD5,unknown,1
47015af26bcdf334cdb8e0d420d7750a59c0b784,SHA1,unknown,1
7dd0218e73dcabe02b7c4aa1456bc2e8bb8e48e8,SHA1,unknown,1
bf791f4fd1df14713439ea8cc80702fd,MD5,unknown,1
d942782483eb61a5234caa66ad16656f,MD5,unknown,1
2d8254ac98f1b6eb1c82721a4db9569980ae6ef6,SHA1,unknown,1
3d1fd1b4e432a3c8b6cbeaeca69f0d15,MD5,unknown,1
6ca0cde9e872dd86bd1b4eda60cbbd1b5fd539a6,SHA1,unknown,1
14f27e5b6915d37bec1affc6317634386c9e0c56,SHA1,unknown,1
25e53059eddd1019216c12ff48c6cee6,MD5,unknown,1
497ce27e842729ec5aecb100033f9f09,MD5,unknown,1
01762d1b10e0be72d665366641127ebb,MD5,unknown,1
118b98bd59bd2417a9e5ec57cedfecab006f7db7,SHA1,unknown,1
c709d70474bd24b59a96ac23cd7dfb7b,MD5,unknown,1
03b2718cf8b80a685e6794f40728ce3c,MD5,unknown,1
ec74fe8349b076c3b7e80ab8cee5a22b,MD5,unknown,1
45478ae84d562122d6dbcc9ff0ab12b8,MD5,unknown,1
d6628c32825664ef0d19130009a39223afa36081,SHA1,unknown,1
46a6064d6bfc5f37f3f6878ca2193158d887faf5,SHA1,unknown,1
5e3e07c8714ddfb6efb1200bf67a6190013a10ff,SHA1,unknown,1
b2066c5cb259355df81777d63c9343e4,MD5,unknown,1
ef28ff0972893211daa7901aa20a7157aee47729,SHA1,unknown,1
422f6792404d2b100aeb045bf1e24016af4b1834,SHA1,unknown,1
98d1c325eca0bc8a31c1f12c5d009f4c,MD5,unknown,1
68ecc647d7872de2a7070a9a1f56e4896064af45,SHA1,unknown,1
c99ee13bd8eab61300482290a38af1da,MD5,unknown,1
4f54c260c73b154e431e1b829d6676563393c88d,SHA1,unknown,1
a18585983b523a02bf8dce0551bf1d49,MD5,unknown,1
5244b7144c0efa10656b27dcfef0d90ee320c5e2,SHA1,unknown,1
79b2caf04f367e014084ed57621d18be,MD5,unknown,1
705144104447673c66f875e7debda5fc,MD5,unknown,1
ad458a65593b242c7476e8f4b75357ad,MD5,unknown,1
9d5b018ba167d4556cae252185d860dcd60fcc0a,SHA1,unknown,1
3fafa9b6384e5de3966870e561a0fe93da6bc094,SHA1,unknown,1
5632395d6a542a483725235a5f715035,MD5,unknown,1
b0dc4dc70846ed88f764072cdc501fc0,MD5,unknown,1
98f6de0afabc21e3ed964f77bf7e669cd20f34f3,SHA1,unknown,1
31754f764876575e4f50522b73407d44,MD5,unknown,1
c2116a9699168cae3c499f449514a782ebce4ce2,SHA1,unknown,1
5e72222a506f7726664c515e77436e4a,MD5,unknown,1
70425b5a22333657705f6b3a415f6c62,MD5,unknown,1
3d46602a7a50784d487551472e793a23,MD5,unknown,1
defcc1517aab799b3d1b03528a135d51,MD5,unknown,1
563b2e627379366a6b74523f615d6953,MD5,unknown,1
5ce21f03dbc0cb528c2d8661ae3a999a29ea13df,SHA1,unknown,1
bf544a07986b289c5a13bc66eef4d59b,MD5,unknown,1
823599af1d6b15311e0e570d28eba9486f129aa5,SHA1,unknown,1
72a9c6f1b304895d1a19bb792114aa3b464a1a9c,SHA1,unknown,1
a3e56e04ca0e8d5675c5681d2921e922,MD5,unknown,1
f8e52418a75dc1b15890d45650799cbf1640d076,SHA1,unknown,1
48666d586f65445136232e445e216e60,MD5,unknown,1
60a419342e8ca47d5a460077bdd49746,MD5,unknown,1
da9937bf4f2dfcb0d61d3d6f43e271ee,MD5,unknown,1
6f94f34a44d1362de5810fa4433ddafb,MD5,unknown,1
fa4e925e3c4e46b9a76a082a5fd93e7870d056ed,SHA1,unknown,1
1a974eac35b26b3161d3eb29e79da888333b0282,SHA1,unknown,1
e6914cc9c42b65767b0c84e5030e7b32e1c1d982,SHA1,unknown,1
9e34647eef6d73f6d200b4f3dbdc4d0f,MD5,unknown,1
e79f82c71bc0c1e071983f465c9a8919,MD5,unknown,1
44394c2f613e6753536f2c4422655c4a,MD5,unknown,1
1af87ae2d4e94ffd95e842452bffaee7896d687e,SHA1,unknown,1
